{
  "preguntas": [
    {
      "id": 0,
      "etiqueta": 3,
      "mostrar": false,
      "descripcion": "una como realizar o crear clases abstractas en c++, java y c#",
      "titulo": "¿como crear arreglos?",
      "fecha": "13/06/2022",
      "autor": "Gavilan",
      "respuestas": [
        {
          "id": 0,
          "descripcion": "Antes de crear la clase, se antepone template<Name_object> y luego se crea una clase de la forma habitual",
          "fecha": "7/12/2022",
          "autor": "Pejewino",
          "index_pregunta": 0
        },
        {
          "id": 1,
          "descripcion": "Se tiene que usar name class<T> y luego se crea la clase como tal, y el dato T, podrá ser de cualquier tipo, pero antes se debe definir el tipo de dicho dato.",
          "fecha": "13/10/2021",
          "autor": "Enrrique",
          "index_pregunta": 0
        },
        {
          "id": 0,
          "descripcion": "asas",
          "fecha": "27/04/2022",
          "autor": "juan",
          "index_pregunta": 1000
        },
        {
          "id": 0,
          "descripcion": "aaas",
          "fecha": "27/04/2022",
          "autor": "juan",
          "index_pregunta": 1000
        },
        {
          "id": 4,
          "descripcion": "heasas",
          "fecha": "27/04/2022",
          "autor": "juan",
          "index_pregunta": 1000
        },
        {
          "id": 5,
          "descripcion": "fgnf",
          "fecha": "27/04/2022",
          "autor": "juan",
          "index_pregunta": 1000
        },
        {
          "id": 6,
          "descripcion": "nueva respuesta",
          "fecha": "2022-10-20T05:02:01.672Z",
          "autor": "juan",
          "index_pregunta": 1000
        },
        {
          "id": 7,
          "descripcion": "nnnnnnnnnnnnnnn",
          "fecha": "2022-10-20T05:18:25.711Z",
          "autor": "juan",
          "index_pregunta": 1000
        }
      ]
    },
    {
      "id": 1,
      "mostrar": false,
      "etiqueta": 4,
      "descripcion": "Cuales son las ventajas de usar POO",
      "titulo": "¿que es POO?",
      "fecha": "8/12/2021",
      "autor": "Quispe",
      "respuestas": [
        {
          "id": 0,
          "descripcion": "Antes de crear la clase, se antepone template<Name_object> y luego se crea una clase de la forma habitual",
          "fecha": "7/12/2022",
          "autor": "Pejewino",
          "index_pregunta": 0
        },
        {
          "id": 1,
          "descripcion": "Se tiene que usar name class<T> y luego se crea la clase como tal, y el dato T, podrá ser de cualquier tipo, pero antes se debe definir el tipo de dicho dato.",
          "fecha": "13/10/2021",
          "autor": "Enrrique",
          "index_pregunta": 0
        },
        {
          "id": 0,
          "descripcion": "asasasasas",
          "fecha": "27/04/2022",
          "autor": "juan",
          "index_pregunta": 1000
        },
        {
          "id": 3,
          "descripcion": "nueva respuesta a POO",
          "fecha": "2022-10-20T06:13:02.658Z",
          "autor": "juan",
          "index_pregunta": 1000
        }
      ]
    },
    {
      "id": 2,
      "mostrar": false,
      "etiqueta": 0,
      "descripcion": "¿Como crear una clase para datos genéricos en c++?",
      "titulo": "Tipos genéricos en c++",
      "fecha": "22/12/2023",
      "autor": "Jerry",
      "respuestas": [
        {
          "id": 0,
          "descripcion": "Antes de crear la clase, se antepone template<Name_object> y luego se crea una clase de la forma habitual",
          "fecha": "7/12/2022",
          "autor": "Pejewino",
          "index_pregunta": 0
        },
        {
          "id": 1,
          "descripcion": "Se tiene que usar name class<T> y luego se crea la clase como tal, y el dato T, podrá ser de cualquier tipo.",
          "fecha": "13/10/2021",
          "autor": "Enrrique",
          "index_pregunta": 0
        }
      ]
    },
    {
      "id": 3,
      "mostrar": false,
      "etiqueta": 0,
      "descripcion": "Quiero sobrecargar el operador * y !=, ¿es esto posible ne Java?",
      "titulo": "¿Se puede sobrecargar operadores en Java?",
      "fecha": "22/12/2023",
      "autor": "Carlos",
      "respuestas": [
        {
          "id": 0,
          "descripcion": "No es posible sobrecargar operadores en el Java estandar",
          "fecha": "7/12/2022",
          "autor": "Juan",
          "index_pregunta": 0
        }
      ]
    },
    {
      "id": 4,
      "mostrar": false,
      "etiqueta": 0,
      "descripcion": "¿Es posible pasar un componente como props y utilizarlo en un componente hijo en Vue?",
      "titulo": "Pasar componentes en Vue",
      "fecha": "22/12/2023",
      "autor": "Jerry",
      "respuestas": [
        {
          "id": 0,
          "descripcion": "No es posible, pero puedes utilizar <component :is=\"child_component\"></component> para renderizar el componente de forma dinámica",
          "fecha": "7/12/2022",
          "autor": "Pejewino",
          "index_pregunta": 0
        }
      ]
    },
    {
      "id": 5,
      "mostrar": false,
      "etiqueta": 0,
      "descripcion": "Es mejor empezar a aprender a programar en Javascript o Typescript",
      "titulo": "¿JavaScript o Typescript?",
      "fecha": "22/12/2023",
      "autor": "Jerry",
      "respuestas": [
        {
          "id": 0,
          "descripcion": "Typescript es un super javascript, así que lo que te recomendaría es que aprendas Typescript",
          "fecha": "7/12/2022",
          "autor": "Pejewino",
          "index_pregunta": 0
        },
        {
          "id": 1,
          "descripcion": "Depende de lo que quieras desarrollar, aunque la sintaxis de ambos son iguales, dependerá del framework de trabajo que utilices. Así te recomendaría aprender Javascript si trabajarás con Vue y Typescript si lo harás con Angular",
          "fecha": "13/10/2021",
          "autor": "Enrrique",
          "index_pregunta": 0
        }
      ]
    },
    {
      "id": 6,
      "mostrar": false,
      "etiqueta": 0,
      "descripcion": "Las he venido utilizando durante el último ciclo, pero aun no tengo bastante claro para que nos sirven-",
      "titulo": "Integrales",
      "fecha": "22/12/2023",
      "autor": "Jerry",
      "respuestas": [
        {
          "id": 0,
          "descripcion": "Son bastante utilices para calcular el área y volúmenes de cuerpos de revolución, es decir, superficies formadas por curvas",
          "fecha": "7/12/2022",
          "autor": "Pejewino",
          "index_pregunta": 0
        },
        {
          "id": 1,
          "descripcion": "Te ayudan a calcular áreas, volúmenes y longitudes de curvas.",
          "fecha": "13/10/2021",
          "autor": "Enrrique",
          "index_pregunta": 0
        }
      ]
    },
    {
      "id": 7,
      "mostrar": false,
      "etiqueta": 0,
      "descripcion": "¿Puede el sistema de rejilla bootstrap utilizar el ancho del \"container-fluid\" padre como medio de comunicación?",
      "titulo": "Boostrap",
      "fecha": "22/12/2023",
      "autor": "Jerry",
      "respuestas": []
    },
    {
      "id": 8,
      "mostrar": false,
      "etiqueta": 0,
      "descripcion": "Quiero comprobar si un lista en c++ esta vacia o no",
      "titulo": "Listas c++",
      "fecha": "22/12/2023",
      "autor": "Jerry",
      "respuestas": [
        {
          "id": 0,
          "descripcion": "Creo recordar que puedes hacerlo utilizando el método empty(), si te retorna true es que la lista está vacía.",
          "fecha": "7/12/2022",
          "autor": "Pejewino",
          "index_pregunta": 0
        },
        {
          "id": 1,
          "descripcion": "Puedes hacer una comparación de su tamaño, si el método size() == 0 es porque está vacía",
          "fecha": "13/10/2021",
          "autor": "Enrrique",
          "index_pregunta": 0
        },
        {
          "id": 2,
          "descripcion": "Generalmente las estructuras de datos en c++ tienen un método empty() que te retorna un booleano, dependiendo de este valor indica si la estructura está vacía o no.",
          "fecha": "13/10/2021",
          "autor": "Enrrique",
          "index_pregunta": 0
        }
      ]
    },
    {
      "id": 9,
      "mostrar": false,
      "etiqueta": 0,
      "descripcion": "Soy programador nuevo en c++ y aún no tengo claro como funciona el ciclo do while, podrían ayudarme.",
      "titulo": "Ciclos do while en c++",
      "fecha": "22/12/2023",
      "autor": "Jerry",
      "respuestas": [
        {
          "id": 0,
          "descripcion": "Es bastante sencillo, al contrarío de un ciclo for o while, el do while primero ejecutará el código dentro del do y luego comprobará la condición en el while.",
          "fecha": "7/12/2022",
          "autor": "Pejewino",
          "index_pregunta": 0
        },
        {
          "id": 1,
          "descripcion": "Yo lo entiendo como un primero haz y luego pregunta.",
          "fecha": "13/10/2021",
          "autor": "Enrrique",
          "index_pregunta": 0
        }
      ]
    },
    {
      "id": 10,
      "mostrar": false,
      "etiqueta": 0,
      "descripcion": "Quiero ejecutar una función javascript en un archivo html diferente al index.html",
      "titulo": "Código JavaScript en html",
      "fecha": "22/12/2023",
      "autor": "Jerry",
      "respuestas": [
        {
          "id": 0,
          "descripcion": "Si este archivo html está conectado a index.html y el script está antes de esta conexión, deberías poder ejecutar la función en ese archivo.",
          "fecha": "7/12/2022",
          "autor": "Pejewino",
          "index_pregunta": 0
        }
      ]
    },
    {
      "id": 11,
      "mostrar": false,
      "etiqueta": 0,
      "descripcion": "¿Como hago para que pidiendo un ángulo en grados me lo pase a radianes?",
      "titulo": "Convertir ángulos a radianes en c++",
      "fecha": "22/12/2023",
      "autor": "Jerry",
      "respuestas": [
        {
          "id": 0,
          "descripcion": "Puedes hacer una función que te haga es conversión, la función debería de retornarte: ángulo/180*pi",
          "fecha": "7/12/2022",
          "autor": "Pejewino",
          "index_pregunta": 0
        }
      ]
    },
    {
      "id": 12,
      "mostrar": false,
      "etiqueta": 0,
      "descripcion": "¿Cuál método es el equivalente de ngOnInit en flutter?",
      "titulo": "Función de inicio en Flutter",
      "fecha": "22/12/2023",
      "autor": "Jerry",
      "respuestas": []
    },
    {
      "id": 13,
      "mostrar": false,
      "etiqueta": 0,
      "descripcion": "",
      "titulo": "¿Cómo devolver la lista completa cuando la entrada está vacía?",
      "fecha": "22/12/2023",
      "autor": "Jerry",
      "respuestas": [
        {
          "id": 0,
          "descripcion": "¿A que te refieres exactamente? Nos falta información para poder ayudarte",
          "fecha": "7/12/2022",
          "autor": "Pejewino",
          "index_pregunta": 0
        }
      ]
    },
    {
      "id": 14,
      "mostrar": false,
      "etiqueta": 0,
      "descripcion": "¿Como ordenar un array de números aleatorios?",
      "titulo": "Arrays en C",
      "fecha": "22/12/2023",
      "autor": "Jerry",
      "respuestas": [
        {
          "id": 0,
          "descripcion": "Puedes implementar algún algoritmo de ordenamiento de los tantos que existen.",
          "fecha": "7/12/2022",
          "autor": "Pejewino",
          "index_pregunta": 0
        },
        {
          "id": 1,
          "descripcion": "Puedes usar la función qsort dentro de la librería <stdlib.h>",
          "fecha": "13/10/2021",
          "autor": "Enrrique",
          "index_pregunta": 0
        }
      ]
    },
    {
      "id": 15,
      "mostrar": false,
      "etiqueta": 0,
      "descripcion": "",
      "titulo": "agregar datos a struct c++",
      "fecha": "22/12/2023",
      "autor": "Jerry",
      "respuestas": [
        {
          "id": 0,
          "descripcion": "11",
          "fecha": "2022-10-20T05:07:08.071Z",
          "autor": "juan",
          "index_pregunta": 1000
        },
        {
          "id": 1,
          "descripcion": "1",
          "fecha": "2022-10-20T05:07:11.614Z",
          "autor": "juan",
          "index_pregunta": 1000
        }
      ]
    },
    {
      "id": 16,
      "mostrar": false,
      "etiqueta": 2,
      "descripcion": "aaa",
      "titulo": "aaa",
      "fecha": "2022-10-20T05:07:33.722Z",
      "autor": "Jerry Quispe Gavilan",
      "respuestas": [
        {
          "id": 0,
          "descripcion": "bbbb",
          "fecha": "2022-10-20T05:07:55.465Z",
          "autor": "juan",
          "index_pregunta": 1000
        }
      ]
    },
    {
      "id": 17,
      "mostrar": false,
      "etiqueta": 8,
      "descripcion": "nuevo agregado contenido",
      "titulo": "nuevo agregado titulo",
      "fecha": "2022-10-20T05:57:36.900Z",
      "autor": "Jerry Quispe Gavilan",
      "respuestas": [
        {
          "id": 0,
          "descripcion": "NUEVA RESPUESTA REDES",
          "fecha": "2022-10-20T06:14:14.601Z",
          "autor": "juan",
          "index_pregunta": 1000
        }
      ]
    }
  ],
  "usuarios": [],
  "users": [
    {
      "name": "Yoimer",
      "lastName": "Davila Ramirez",
      "password": "12345678",
      "username": "Yoimerdr",
      "upcCode": "u20201b973",
      "email": "tulocomessi200328@gmail.com",
      "type": "tutor",
      "id": 1
    },
    {
      "name": "Jerry",
      "lastName": "Quispe Gavilan",
      "password": "Jerry01234",
      "username": "Jerry",
      "upcCode": "U202010143",
      "email": "Jerry@gmail.com",
      "type": "tutor",
      "id": 2
    }
  ],
  "asignaturas": [
    {
      "id": 0,
      "curso": "Calculo I",
      "imagen": "./assets/images/Calculo.png"
    },
    {
      "id": 1,
      "curso": "Calculo II",
      "imagen": "./assets/images/Calculo.png"
    },
    {
      "id": 2,
      "curso": "Matematica Basica",
      "imagen": "./assets/images/Mate.png"
    },
    {
      "id": 3,
      "curso": "Matematica Computacional",
      "imagen": "./assets/images/MateCompu.png"
    },
    {
      "id": 4,
      "curso": "Programación 1",
      "imagen": "./assets/images/CC.png"
    },
    {
      "id": 5,
      "curso": "Fisica",
      "imagen": "./assets/images/Fisica.png"
    },
    {
      "id": 6,
      "curso": "Quimica",
      "imagen": "./assets/images/Quimica.png"
    },
    {
      "id": 7,
      "curso": "Base de datos",
      "imagen": "./assets/images/DBD.png"
    },
    {
      "id": 8,
      "curso": "Redes",
      "imagen": "./assets/images/new.png"
    }
  ],
  "recursos": [
    {
      "id": 1,
      "numero": 0
    },
    {
      "id": 2,
      "numero": 0
    },
    {
      "id": 3,
      "numero": 0
    },
    {
      "id": 4,
      "numero": 1
    },
    {
      "id": 5,
      "numero": 0
    },
    {
      "id": 6,
      "numero": 4
    },
    {
      "id": 7,
      "numero": 4
    },
    {
      "id": 8,
      "numero": 0
    },
    {
      "id": 9,
      "numero": 0
    }
  ],
  "recursos_buscar": []
}
